TIME,TEMP,HUM,BATT,LIGHT,NOISE_A,PRESS,CCS811_VOCS,CCS811_ECO2,PM_1,PM_25,PM_10,PN_03,PN_05,PN_1,PN_25,PN_5,PN_10
ISO 8601,C,%,%,Lux,dBA,kPa,ppb,ppm,ug/m3,ug/m3,ug/m3,#/0.1l,#/0.1l,#/0.1l,#/0.1l,#/0.1l,#/0.1l
Time,Temperature,Humidity,Battery,Light,Noise dBA,Barometric pressure,VOC Gas CCS811,eCO2 Gas CCS811,PM 1.0,PM 2.5,PM 10.0,PN 0.3,PN 0.5,PN 1.0,PN 2.5,PN 5.0,PN 10.0
,55,56,10,14,53,58,113,112,89,87,88,0,0,0,0,0,0
2020-10-14T08:19:19Z,17.92,64.02,-1,61,29.71,100.16,0,400,6,8,8,1413,359,21,1,0,0
2020-10-14T08:20:19Z,17.95,62.62,-1,70,31.11,100.16,47,715,6,9,12,1365,363,41,6,2,1
2020-10-14T08:21:19Z,17.96,61.76,-1,61,40.51,100.15,42,682,5,5,5,1122,282,10,1,0,0
2020-10-14T08:22:19Z,17.96,60.91,-1,68,38.5,100.15,36,641,6,7,7,1239,324,28,1,0,0
2020-10-14T08:23:19Z,17.96,60.79,-1,74,42.13,100.16,28,589,6,8,9,1182,326,35,2,0,0
2020-10-14T08:24:19Z,17.96,60.43,-1,68,31.04,100.15,19,531,7,10,11,1494,412,40,3,1,0
2020-10-14T08:25:19Z,18.02,61.11,-1,74,29.86,100.15,18,520,5,9,9,1128,328,45,3,1,0
2020-10-14T08:26:19Z,18.02,61.83,-1,72,60.24,100.15,9,461,5,8,8,1071,322,25,1,0,0
2020-10-14T08:27:19Z,18.03,61.47,-1,71,30.98,100.15,4,428,5,8,9,1161,322,28,4,2,1
2020-10-14T08:28:19Z,18.08,62.2,-1,77,32.32,100.15,1,409,6,7,7,1263,333,33,2,0,0
2020-10-14T08:29:19Z,18.06,62.27,-1,78,29.44,100.16,0,400,3,4,4,621,163,28,0,0,0
2020-10-14T08:30:19Z,18.08,60.38,-1,77,32.41,100.15,0,400,5,6,10,1092,310,27,5,3,1
2020-10-14T08:31:19Z,18.1,60.8,-1,77,30.05,100.16,0,400,5,8,8,1161,312,47,3,0,0
2020-10-14T08:32:19Z,18.13,61.53,-1,69,49.5,100.16,0,400,5,6,8,1071,311,29,1,0,0
2020-10-14T08:33:19Z,18.15,61.27,-1,73,29.07,100.16,0,400,4,5,5,978,257,13,1,0,0
2020-10-14T08:34:19Z,18.15,60.44,-1,71,42.22,100.16,0,400,3,4,4,930,231,22,1,0,0
2020-10-14T08:35:19Z,18.16,60.22,-1,70,36.57,100.16,0,400,5,7,7,1014,315,22,1,0,0
2020-10-14T08:36:19Z,18.16,60.29,-1,69,36.68,100.16,0,400,5,7,7,1128,302,44,2,0,0
2020-10-14T08:37:19Z,18.19,60.85,-1,66,30.18,100.15,0,400,5,8,8,987,304,35,3,0,0
2020-10-14T08:38:19Z,18.2,60.27,-1,66,43.8,100.16,0,400,3,5,8,600,198,39,5,2,1
2020-10-14T08:39:19Z,18.19,59.95,-1,65,30.91,100.16,0,400,6,9,9,1200,350,37,2,0,0
2020-10-14T08:40:19Z,18.22,61.66,-1,66,31.49,100.16,0,400,6,9,9,1086,357,40,2,0,0
2020-10-14T08:41:19Z,18.26,60.75,-1,52,32.57,100.16,0,400,6,7,7,1038,335,39,1,0,0
2020-10-14T08:42:19Z,18.27,60.08,-1,66,32,100.17,0,400,5,9,9,1161,334,38,2,0,0
2020-10-14T08:43:19Z,18.29,59.87,-1,67,25.5,100.16,0,400,5,9,9,960,298,53,2,0,0
2020-10-14T08:44:19Z,18.29,59.95,-1,68,51.41,100.17,0,400,4,5,5,816,253,22,0,0,0
2020-10-14T08:45:19Z,18.3,60.05,-1,70,43.93,100.17,0,400,6,9,12,1227,354,35,5,4,4
2020-10-14T08:46:19Z,18.3,60.68,-1,71,35.49,100.17,0,400,5,9,9,1083,333,47,3,1,0
2020-10-14T08:47:19Z,18.3,60.07,-1,72,45.01,100.16,0,400,5,6,7,1026,290,25,3,1,0
2020-10-14T08:48:19Z,18.27,59.96,-1,57,37.62,100.17,0,400,5,7,9,1149,302,33,5,2,0
2020-10-14T08:49:19Z,18.32,59.71,-1,70,35.39,100.17,0,400,4,7,7,999,281,29,2,0,0
2020-10-14T08:50:22Z,18.24,60.09,-1,88,30.24,100.16,0,400,5,7,7,1029,297,34,3,0,0
2020-10-14T08:51:25Z,18.2,60.16,-1,85,37.63,100.16,0,400,6,7,9,1128,328,29,3,0,0
2020-10-14T08:52:28Z,18.12,60.41,-1,90,34.33,100.15,0,400,5,7,9,993,304,40,6,1,0
2020-10-14T08:53:31Z,18.1,60.32,-1,84,33.1,100.16,0,400,5,9,10,987,328,39,5,1,0
2020-10-14T08:54:34Z,18.03,60.4,-1,97,31.97,100.16,0,400,5,9,9,1281,330,37,1,0,0
2020-10-14T08:55:37Z,18.02,60.42,-1,100,26.5,100.16,0,400,4,6,6,813,244,33,5,0,0
2020-10-14T08:56:40Z,18.01,60.47,-1,103,28.19,100.16,0,400,5,7,7,945,306,25,3,0,0
2020-10-14T08:57:43Z,17.96,60.54,-1,108,42.54,100.16,0,400,5,7,9,1080,309,36,6,1,1
2020-10-14T08:58:46Z,17.93,60.5,-1,110,30.3,100.16,0,400,6,8,9,1209,335,37,1,1,0
2020-10-14T08:59:49Z,17.93,60.52,-1,112,25.09,100.16,0,400,5,9,11,1206,340,41,6,4,0
2020-10-14T09:00:52Z,17.93,60.47,-1,112,28.02,100.16,0,400,5,9,10,1014,312,37,5,2,1
2020-10-14T09:01:55Z,17.92,60.5,-1,113,27.14,100.16,0,400,4,6,6,882,276,27,4,0,0
2020-10-14T09:02:58Z,17.91,60.45,-1,115,34.16,100.16,0,400,4,8,10,1080,286,44,7,2,0
2020-10-14T09:04:01Z,17.91,60.45,-1,115,30.91,100.16,0,400,5,9,10,999,317,46,4,1,0
2020-10-14T09:05:04Z,17.89,60.46,-1,117,28.68,100.16,0,400,5,6,6,1065,301,23,1,0,0
2020-10-14T09:06:07Z,17.88,60.49,-1,118,31.26,100.16,0,400,6,9,10,1275,360,34,2,1,0
2020-10-14T09:07:10Z,17.88,60.39,-1,119,26.93,100.16,0,400,7,10,10,1443,372,26,3,0,0
2020-10-14T09:08:13Z,17.86,60.37,-1,123,28.37,100.16,0,400,7,10,12,1359,395,42,7,3,1
2020-10-14T09:09:16Z,17.84,60.33,-1,125,28.78,100.15,0,400,5,9,11,1155,324,45,7,2,0
2020-10-14T09:10:19Z,17.86,60.32,-1,127,29.7,100.15,0,400,6,9,12,1308,342,38,9,4,1
2020-10-14T09:11:22Z,17.85,60.26,-1,129,28.15,100.15,0,400,6,10,11,1215,390,43,5,2,0
2020-10-14T09:12:25Z,17.85,60.26,-1,134,26.06,100.15,0,400,6,9,10,990,322,44,3,1,0
2020-10-14T09:13:28Z,17.84,60.25,-1,136,31.06,100.14,0,400,6,9,9,1077,337,39,1,0,0
2020-10-14T09:14:31Z,17.88,60.22,-1,134,30.08,100.14,0,400,6,9,9,1146,363,33,3,0,0
2020-10-14T09:15:34Z,17.85,60.17,-1,133,28.27,100.14,0,400,6,9,9,1143,353,44,1,0,0
2020-10-14T09:16:37Z,17.82,60.18,-1,133,29.8,100.14,0,400,6,10,12,1128,344,49,9,2,1
2020-10-14T09:17:40Z,17.84,60.2,-1,131,28.48,100.14,0,400,6,9,10,1245,347,44,4,0,0
2020-10-14T09:18:43Z,17.82,60.19,-1,131,28.22,100.13,0,400,4,5,6,975,299,18,2,1,0
2020-10-14T09:19:46Z,17.82,60.16,-1,131,44.13,100.13,0,400,5,8,8,921,307,42,3,0,0
2020-10-14T09:20:49Z,17.79,60.2,-1,131,26.26,100.13,0,400,6,9,11,1227,370,41,3,2,0
2020-10-14T09:21:52Z,17.79,60.15,-1,128,33.68,100.14,0,400,5,8,9,1005,294,34,4,1,0
2020-10-14T09:22:55Z,17.81,60.15,-1,127,28.39,100.14,0,400,6,9,10,1089,342,35,6,2,0
2020-10-14T09:23:58Z,17.75,60.12,-1,126,28.17,100.14,0,400,5,8,8,981,327,18,3,1,0
2020-10-14T09:25:01Z,17.74,60.1,-1,125,26.95,100.14,0,400,6,9,9,1029,309,45,3,0,0
2020-10-14T09:26:04Z,17.77,60.16,-1,124,29.36,100.14,0,400,7,10,11,1365,376,49,6,0,0
2020-10-14T09:27:07Z,17.74,60.19,-1,122,28.3,100.14,0,400,6,11,11,1170,364,51,6,0,0
2020-10-14T09:28:10Z,17.71,60.1,-1,118,31.55,100.14,5,439,6,8,8,1296,351,23,1,1,0
2020-10-14T09:29:13Z,17.68,60.14,-1,115,29.42,100.14,4,432,4,5,6,918,256,39,2,1,0
2020-10-14T09:30:16Z,17.7,60.16,-1,113,30.78,100.14,4,432,3,4,6,678,190,31,2,2,0
2020-10-14T09:31:19Z,17.7,60.1,-1,111,28.55,100.14,3,421,3,4,4,600,187,19,1,0,0
2020-10-14T09:32:22Z,17.71,60.18,-1,108,30.95,100.14,3,421,6,9,10,1335,377,33,5,2,1
2020-10-14T09:33:25Z,17.7,60.2,-1,106,29.78,100.14,2,417,7,9,9,1464,410,24,1,1,0
2020-10-14T09:34:28Z,17.68,60.24,-1,104,27.94,100.14,1,413,6,9,10,1158,355,35,5,1,0
2020-10-14T09:35:31Z,17.67,60.19,-1,103,29.53,100.14,1,409,6,7,7,1188,357,14,1,0,0
2020-10-14T09:36:34Z,17.65,60.18,-1,102,29.26,100.14,0,403,6,7,7,1281,352,25,1,0,0
2020-10-14T09:37:37Z,17.64,60.23,-1,104,28.51,100.14,0,403,6,9,12,1146,365,39,6,4,1
2020-10-14T09:38:40Z,17.62,60.25,-1,107,32.98,100.14,0,400,6,9,9,1404,372,21,2,0,0
2020-10-14T09:39:43Z,17.62,60.24,-1,108,34.7,100.14,0,400,6,10,12,1332,373,49,6,2,0
2020-10-14T09:40:46Z,17.6,60.24,-1,111,32.27,100.14,0,400,6,9,11,1200,356,37,6,3,0
2020-10-14T09:41:49Z,17.6,60.24,-1,113,27.99,100.14,0,400,6,8,9,1320,351,22,4,1,0
2020-10-14T09:42:52Z,17.57,60.29,-1,115,29.17,100.13,0,400,5,7,10,1182,323,33,6,2,0
2020-10-14T09:43:55Z,17.57,60.24,-1,120,26.82,100.14,0,400,6,10,11,1464,373,40,5,1,0
2020-10-14T09:44:58Z,17.55,60.22,-1,128,28.22,100.13,0,400,5,9,9,1242,329,35,4,0,0
2020-10-14T09:46:01Z,17.57,60.25,-1,154,28.64,100.13,0,402,8,10,10,1332,403,40,3,0,0
2020-10-14T09:47:04Z,17.57,60.27,-1,138,26.76,100.13,0,400,5,9,9,1182,326,57,4,0,0
2020-10-14T09:48:07Z,17.55,60.24,-1,138,30.29,100.12,0,400,4,6,9,840,280,39,2,2,0
2020-10-14T09:49:10Z,17.54,60.26,-1,131,26.41,100.12,0,400,7,10,10,1380,395,25,0,0,0
2020-10-14T09:50:13Z,17.57,60.25,-1,132,25.35,100.13,0,403,5,6,8,1161,304,19,2,1,0
2020-10-14T09:51:16Z,17.54,60.24,-1,150,28.67,100.12,0,400,6,10,10,1374,378,43,5,0,0
2020-10-14T09:52:19Z,17.55,60.25,-1,146,29.22,100.13,0,400,5,8,9,1101,301,41,5,1,0
2020-10-14T09:53:22Z,17.55,60.23,-1,154,27.51,100.12,0,400,9,11,13,1515,436,42,6,2,1
2020-10-14T09:54:25Z,17.54,60.21,-1,142,25.65,100.12,0,400,5,9,9,1143,320,44,5,1,0
2020-10-14T09:55:28Z,17.54,60.19,-1,141,27.32,100.12,0,400,6,9,12,1230,366,46,8,2,2
2020-10-14T09:56:31Z,17.54,60.21,-1,147,25.38,100.12,0,400,8,8,9,1386,365,20,2,1,0
2020-10-14T09:57:34Z,17.54,60.22,-1,146,34.38,100.13,0,400,5,7,7,1146,301,35,2,0,0
2020-10-14T09:58:37Z,17.52,60.25,-1,144,28.77,100.13,0,400,5,8,9,1092,322,38,2,1,0
2020-10-14T09:59:40Z,17.52,60.22,-1,144,27.53,100.13,1,410,6,9,10,1248,340,48,4,1,0
2020-10-14T10:00:43Z,17.55,60.2,-1,142,27.06,100.12,0,400,6,10,11,1311,369,40,6,1,1
2020-10-14T10:01:46Z,17.5,60.19,-1,142,29.18,100.13,1,409,6,8,9,1215,330,35,3,1,0
2020-10-14T10:02:49Z,17.51,60.18,-1,142,28.28,100.13,0,403,6,9,10,1305,370,43,4,0,0
2020-10-14T10:03:52Z,17.48,60.18,-1,144,29.63,100.12,0,400,6,9,12,1224,350,35,8,2,2
2020-10-14T10:04:55Z,17.52,60.23,-1,145,31.38,100.12,1,410,5,7,7,1248,329,15,2,0,0
2020-10-14T10:05:58Z,17.51,60.19,-1,149,27.45,100.12,0,403,6,9,10,1440,377,38,2,2,1
2020-10-14T10:07:01Z,17.5,60.2,-1,143,28.58,100.12,0,403,6,9,10,1245,359,29,6,1,1
2020-10-14T10:08:04Z,17.5,60.21,-1,156,30.1,100.12,0,400,5,7,10,1152,338,41,6,1,0
2020-10-14T10:09:07Z,17.5,60.2,-1,148,28.19,100.12,0,400,5,8,9,1182,323,38,3,2,0
2020-10-14T10:10:10Z,17.51,60.19,-1,160,26.64,100.12,0,400,5,6,6,1062,302,14,2,0,0
2020-10-14T10:11:13Z,17.48,60.15,-1,161,30.57,100.12,0,400,6,9,10,1299,373,29,5,1,0
2020-10-14T10:12:16Z,17.52,60.17,-1,160,25.16,100.12,0,400,5,6,7,1164,307,25,2,0,0
2020-10-14T10:13:19Z,17.5,60.18,-1,158,26.08,100.12,0,400,8,9,10,1341,361,38,4,1,0
2020-10-14T10:14:22Z,17.51,60.21,-1,137,33.21,100.11,0,400,6,9,9,1179,343,35,4,0,0
2020-10-14T10:15:25Z,17.47,60.2,-1,156,29.21,100.11,0,400,4,6,7,969,256,37,2,0,0
2020-10-14T10:16:28Z,17.48,60.14,-1,129,27.3,100.11,0,400,5,8,8,1176,319,22,2,0,0
2020-10-14T10:17:31Z,17.51,60.17,-1,125,36.91,100.12,0,400,5,7,7,1206,309,28,2,0,0
2020-10-14T10:18:34Z,17.5,60.12,-1,122,31.54,100.11,0,400,5,6,7,1035,282,36,1,0,0
2020-10-14T10:19:37Z,17.5,60.17,-1,118,29.33,100.11,0,400,6,10,11,1374,391,45,3,1,0
2020-10-14T10:20:40Z,17.48,60.17,-1,116,28.88,100.11,0,400,5,9,10,1248,354,40,7,0,0
2020-10-14T10:21:43Z,17.48,60.13,-1,113,27.97,100.11,0,400,6,9,10,1326,369,38,3,1,0
2020-10-14T10:22:46Z,17.47,60.18,-1,111,27.97,100.11,0,400,5,9,9,1203,331,38,3,0,0
2020-10-14T10:23:49Z,17.47,60.16,-1,110,25.65,100.11,0,400,4,5,7,990,284,19,5,5,0
2020-10-14T10:24:52Z,17.47,60.15,-1,110,30.02,100.12,0,400,8,9,11,1368,385,42,5,2,1
2020-10-14T10:25:55Z,17.45,60.15,-1,111,28.99,100.12,0,400,5,6,6,1026,281,20,4,0,0
2020-10-14T10:26:58Z,17.47,60.18,-1,113,30.26,100.12,0,400,5,6,8,948,287,32,4,0,0
2020-10-14T10:28:01Z,17.45,60.21,-1,114,29.15,100.12,0,400,6,11,11,1356,362,54,8,1,0
2020-10-14T10:29:04Z,17.45,60.22,-1,116,27.6,100.12,0,400,6,8,10,1227,347,47,3,2,1
2020-10-14T10:30:07Z,17.44,60.15,-1,118,29.73,100.12,0,400,6,7,9,1209,331,29,3,2,1
2020-10-14T10:31:10Z,17.45,60.17,-1,117,31.14,100.12,0,400,5,9,10,1272,333,38,6,0,0
2020-10-14T10:32:13Z,17.47,60.21,-1,117,28.27,100.12,0,400,5,9,9,1179,322,38,7,1,0
2020-10-14T10:33:16Z,17.44,60.17,-1,116,28.68,100.13,0,400,3,4,4,909,232,7,0,0,0
2020-10-14T10:34:19Z,17.44,60.15,-1,116,31.5,100.13,0,400,5,9,10,1176,317,57,4,1,1
2020-10-14T10:35:22Z,17.44,60.16,-1,115,30.28,100.13,0,400,6,9,10,1326,369,37,2,0,0
2020-10-14T10:36:25Z,17.44,60.18,-1,115,33.4,100.14,0,400,5,7,7,1083,309,25,3,0,0
2020-10-14T10:37:28Z,17.45,60.19,-1,116,29.81,100.13,0,400,6,10,13,1155,358,50,9,5,1
2020-10-14T10:38:31Z,17.47,60.14,-1,116,35.21,100.13,0,405,7,9,9,1443,395,18,1,0,0
2020-10-14T10:39:34Z,17.41,60.17,-1,118,27.77,100.13,0,400,6,9,10,1269,344,40,4,2,0
2020-10-14T10:40:37Z,17.45,60.19,-1,120,31.08,100.13,0,400,6,8,10,1269,336,33,4,2,1
2020-10-14T10:41:40Z,17.42,60.14,-1,122,30.1,100.12,0,400,6,9,10,1251,353,41,2,1,0
2020-10-14T10:42:43Z,17.4,60.18,-1,120,38.61,100.12,0,400,6,10,12,1335,354,46,11,4,0
2020-10-14T10:43:46Z,17.42,60.67,-1,121,41.74,100.12,0,400,5,9,10,1047,308,38,5,2,0
2020-10-14T10:44:49Z,17.41,60.66,-1,128,35.28,100.12,0,400,6,9,9,1329,368,28,4,0,0
2020-10-14T10:45:52Z,17.42,60.62,-1,128,31.56,100.11,0,400,5,9,10,1185,312,44,5,1,0
2020-10-14T10:46:55Z,17.42,60.75,-1,128,29.67,100.12,0,402,8,9,10,1437,395,31,3,1,0
2020-10-14T10:47:58Z,17.45,60.7,-1,128,33.71,100.12,0,400,5,9,9,1215,334,34,2,0,0
2020-10-14T10:49:01Z,17.44,60.78,-1,128,29.22,100.12,0,400,7,9,13,1299,385,46,6,4,4
2020-10-14T10:50:04Z,17.45,60.76,-1,127,30.15,100.12,0,400,4,5,5,783,224,17,1,0,0
2020-10-14T10:51:07Z,17.45,60.75,-1,127,31.38,100.13,0,400,6,11,12,1470,398,54,7,0,0
2020-10-14T10:52:10Z,17.44,60.65,-1,127,27.45,100.13,0,400,6,11,12,1290,370,45,9,2,2
2020-10-14T10:53:13Z,17.45,60.69,-1,127,27.89,100.13,0,405,5,9,9,1143,336,30,6,1,0
2020-10-14T10:54:16Z,17.47,60.65,-1,127,29.55,100.13,1,409,6,10,11,1329,371,46,4,2,0
2020-10-14T10:55:19Z,17.45,60.64,-1,127,37.14,100.12,0,400,6,9,9,1275,359,30,2,0,0
2020-10-14T10:56:22Z,17.45,60.63,-1,130,36.25,100.13,0,400,5,8,8,1146,295,27,4,0,0
2020-10-14T10:57:25Z,17.45,60.58,-1,131,32.61,100.12,0,400,5,6,7,978,287,29,2,1,0
2020-10-14T10:58:28Z,17.47,60.59,-1,131,30.43,100.12,1,407,6,9,10,1224,326,44,3,2,2
2020-10-14T10:59:31Z,17.5,60.55,-1,131,28.74,100.12,0,400,5,6,6,1206,304,23,0,0,0
2020-10-14T11:00:34Z,17.47,60.53,-1,131,27.68,100.13,0,400,6,10,10,1239,354,44,6,1,0
2020-10-14T11:01:37Z,17.47,60.57,-1,130,32.64,100.13,0,400,6,9,9,1236,349,39,3,0,0
2020-10-14T11:02:40Z,17.45,60.53,-1,128,28.44,100.14,0,402,8,9,10,1416,395,21,2,2,0
2020-10-14T11:03:43Z,17.45,60.5,-1,128,28.09,100.14,0,402,6,9,10,1254,367,30,3,0,0
2020-10-14T11:04:46Z,17.48,60.47,-1,125,27.4,100.14,0,400,6,6,6,1155,329,21,0,0,0
2020-10-14T11:05:49Z,17.47,60.43,-1,124,27.8,100.14,0,402,9,11,12,1521,439,42,2,1,0
2020-10-14T11:06:52Z,17.47,60.45,-1,124,29.04,100.14,0,400,5,9,11,1269,337,42,10,2,0
2020-10-14T11:07:55Z,17.47,60.43,-1,125,31.31,100.14,0,400,5,6,6,1173,303,23,2,0,0
2020-10-14T11:08:58Z,17.48,60.41,-1,125,28.81,100.14,0,400,8,9,12,1314,386,43,4,3,1
2020-10-14T11:10:01Z,17.48,60.46,-1,124,28.06,100.13,0,400,5,6,8,1077,291,33,3,0,0
2020-10-14T11:11:04Z,17.45,60.42,-1,126,30.44,100.13,0,400,5,7,7,1032,281,29,2,0,0
2020-10-14T11:12:07Z,17.48,60.36,-1,125,25.73,100.13,0,400,5,6,8,1086,317,8,3,1,0
2020-10-14T11:13:10Z,17.47,60.44,-1,124,28.68,100.14,0,400,8,10,11,1380,391,37,4,2,0
2020-10-14T11:14:13Z,17.47,60.42,-1,121,27.36,100.14,0,400,6,9,9,1317,348,36,2,0,0
2020-10-14T11:15:16Z,17.45,60.36,-1,120,26.48,100.14,0,400,6,9,10,1359,347,38,6,2,0
2020-10-14T11:16:19Z,17.47,60.35,-1,118,28.5,100.14,0,400,6,8,8,1218,335,29,1,0,0
2020-10-14T11:17:22Z,17.47,60.36,-1,115,69.69,100.14,0,400,6,8,9,1191,336,37,4,0,0
2020-10-14T11:18:25Z,17.47,60.39,-1,111,30.01,100.14,0,400,6,8,9,1254,361,34,2,1,0
2020-10-14T11:19:28Z,17.47,60.34,-1,106,27.22,100.14,0,400,5,6,6,1122,304,27,0,0,0
2020-10-14T11:20:31Z,17.47,60.54,-1,73,32.9,100.14,0,400,6,10,10,1293,339,48,5,0,0
2020-10-14T11:21:34Z,17.42,60.64,-1,97,26.31,100.15,0,405,6,8,9,1266,372,30,1,0,0
2020-10-14T11:22:37Z,17.44,60.63,-1,91,27.55,100.15,0,405,3,6,9,834,236,32,6,3,0
2020-10-14T11:23:40Z,17.45,60.61,-1,85,28.93,100.14,1,408,6,9,9,1236,335,30,2,0,0
2020-10-14T11:24:43Z,17.45,60.61,-1,80,33.1,100.15,1,408,5,8,9,993,297,42,3,1,0
2020-10-14T11:25:46Z,17.45,60.6,-1,75,27.64,100.15,1,413,4,5,6,954,260,18,1,1,0
2020-10-14T11:26:49Z,17.42,60.58,-1,72,30.84,100.15,1,413,5,7,7,1077,294,31,2,1,0
2020-10-14T11:27:52Z,17.44,60.61,-1,69,29.08,100.14,1,413,6,10,10,1311,363,40,5,1,0
2020-10-14T11:28:55Z,17.44,60.61,-1,67,29.99,100.14,1,408,6,8,10,1305,347,23,4,2,1
2020-10-14T11:29:58Z,17.41,60.61,-1,65,28.04,100.14,1,408,5,6,7,1068,301,29,4,2,0
2020-10-14T11:31:01Z,17.42,60.6,-1,64,28.47,100.14,1,408,5,8,8,1122,311,38,2,0,0
2020-10-14T11:32:04Z,17.42,60.57,-1,62,26.5,100.13,1,408,4,6,6,1050,272,38,0,0,0
2020-10-14T11:33:07Z,17.41,60.62,-1,61,27.44,100.14,0,405,6,7,9,1188,322,40,3,0,0
2020-10-14T11:34:10Z,17.41,60.58,-1,61,29.73,100.14,0,405,5,9,9,1143,322,41,2,0,0
2020-10-14T11:35:13Z,17.4,60.55,-1,61,27.97,100.14,0,405,5,9,11,1206,332,44,8,1,1
2020-10-14T11:36:16Z,17.4,60.61,-1,61,27.89,100.15,0,405,5,9,10,1167,327,36,6,0,0
2020-10-14T11:37:19Z,17.4,60.62,-1,61,27.26,100.15,0,405,5,9,11,1242,344,45,4,2,1
2020-10-14T11:38:22Z,17.4,60.62,-1,61,23.3,100.15,0,400,5,8,9,1092,328,35,3,1,0
2020-10-14T11:39:25Z,17.38,60.62,-1,59,28.15,100.15,0,400,8,11,11,1356,402,49,4,0,0
2020-10-14T11:40:28Z,17.38,60.62,-1,60,28.02,100.14,0,400,6,9,10,1200,357,34,4,2,0
2020-10-14T11:41:31Z,17.35,60.64,-1,59,28.09,100.15,0,400,6,10,11,1320,382,51,3,2,0
2020-10-14T11:42:34Z,17.4,60.62,-1,60,26.6,100.15,0,400,5,7,9,1020,296,40,2,1,0
2020-10-14T11:43:37Z,17.33,60.71,-1,50,48.79,100.15,0,405,5,6,6,1044,284,26,0,0,0
2020-10-14T11:44:40Z,17.34,61.25,-1,62,31.38,100.15,0,400,8,10,12,1323,387,47,5,1,0
2020-10-14T11:45:43Z,17.33,61.15,-1,65,27.28,100.15,0,400,5,6,6,1077,287,26,1,0,0
2020-10-14T11:46:46Z,17.34,61.06,-1,68,28.85,100.15,0,405,4,6,8,1038,281,31,7,1,0
2020-10-14T11:47:49Z,17.37,61.07,-1,73,34.25,100.15,0,405,8,11,12,1488,427,49,6,1,0
2020-10-14T11:48:52Z,17.34,61.06,-1,76,30.66,100.15,0,400,6,8,9,1155,342,31,3,1,1
2020-10-14T11:49:55Z,17.35,61.07,-1,78,26.99,100.14,0,405,5,9,9,993,306,42,4,0,0
2020-10-14T11:50:58Z,17.34,61.34,-1,65,49.33,100.14,6,441,5,7,10,1047,302,34,7,2,0
2020-10-14T11:52:01Z,17.45,68.32,-1,62,27.97,100.14,136,1299,6,7,7,1218,327,36,0,0,0
2020-10-14T11:53:04Z,17.51,63.55,-1,61,31.97,100.13,59,791,5,7,9,1155,310,42,3,1,0
2020-10-14T11:54:07Z,17.54,62.03,-1,58,42.36,100.13,74,889,6,10,12,1317,368,46,9,1,0
2020-10-14T11:55:10Z,17.55,62.06,-1,56,30.19,100.12,61,806,5,7,10,978,287,36,9,1,1
2020-10-14T11:56:13Z,17.58,62.58,-1,55,29.72,100.12,86,970,6,9,9,1299,360,26,3,0,0
2020-10-14T11:57:16Z,17.62,62.05,-1,55,41.34,100.13,66,838,6,9,9,1155,330,31,5,0,0
2020-10-14T11:58:19Z,17.64,62.25,-1,57,31.46,100.12,67,846,6,7,9,1230,353,25,2,2,1
